"","Are.you.on.the.waiting.list.","Program","Programming.and.Analytical.Experiences..R..data.manipulation.and.modeling.","What.is.your.preferred.gender.pronoun.","What.code.text.editor.do.you.use.most.","Programming.and.Analytical.Experiences..R..graphic.basics..base..lattice..grid.etc....","Programming.and.Analytical.Experiences..R..advanced..multivariate.data.analysis..e.g..spatiotemporal.data..visualization.and.modeling..","Programming.and.Analytical.Experiences..Reproducible.documentation.with.R..e.g..R.Markdown..","Programming.and.Analytical.Experiences..Matlab..data.manipulation..analysis..visualization.and.modeling.","Programming.and.Analytical.Experiences..Github.","R","Excel","SQL","RStudio","ggplot2","Python","Stata","dropbox","google drive (formerly docs)","regular expressions (grep)","Github","shell (terminal / command line)","LaTeX","Sweave/knitr","XML","Web: html css js","C/C++","Matlab","SPSS","lattice","Number.Tools"
"1","No","IDSE (master)","Confident","she/her","RStudio","Confident","A little","A little","A little","None",TRUE,TRUE,TRUE,TRUE,TRUE,TRUE,TRUE,TRUE,TRUE,FALSE,FALSE,FALSE,FALSE,FALSE,FALSE,FALSE,FALSE,FALSE,FALSE,FALSE,9
"2","No","Other masters","Confident","he/him","RStudio","A little","A little","A little","A little","A little",TRUE,TRUE,FALSE,TRUE,TRUE,FALSE,FALSE,TRUE,TRUE,TRUE,FALSE,FALSE,FALSE,FALSE,FALSE,FALSE,FALSE,FALSE,FALSE,FALSE,7
"3","No","Data Science Certification","Expert","he/him","Atom","Confident","Confident","Expert","Confident","Confident",TRUE,TRUE,TRUE,TRUE,TRUE,TRUE,FALSE,TRUE,TRUE,TRUE,TRUE,TRUE,TRUE,TRUE,TRUE,TRUE,FALSE,FALSE,FALSE,FALSE,15
"4","No","IDSE (master)","None","he/him","Sublime","None","None","None","None","None",FALSE,TRUE,FALSE,FALSE,FALSE,TRUE,FALSE,TRUE,TRUE,FALSE,FALSE,FALSE,FALSE,FALSE,FALSE,TRUE,FALSE,FALSE,FALSE,FALSE,5
"5","No","IDSE (master)","Confident","he/him","textwrangler","Confident","Confident","A little","None","None",TRUE,FALSE,TRUE,TRUE,FALSE,TRUE,FALSE,TRUE,TRUE,FALSE,FALSE,FALSE,FALSE,FALSE,FALSE,FALSE,TRUE,FALSE,FALSE,FALSE,7
"6","No","IDSE (master)","A little","he/him","sublime text 2","None","None","A little","A little","A little",FALSE,FALSE,FALSE,TRUE,FALSE,TRUE,FALSE,FALSE,FALSE,FALSE,TRUE,FALSE,TRUE,FALSE,FALSE,FALSE,TRUE,TRUE,FALSE,FALSE,6
"7","Yes","Statistics (master)","Confident","he/him","RStudio","Confident","A little","None","Confident","Confident",TRUE,TRUE,FALSE,TRUE,TRUE,TRUE,FALSE,TRUE,TRUE,FALSE,TRUE,FALSE,FALSE,FALSE,FALSE,FALSE,TRUE,TRUE,FALSE,FALSE,10
"8","No","QMSS","A little","doesn't matter","haven't used any","None","A little","A little","A little","None",TRUE,TRUE,TRUE,TRUE,FALSE,TRUE,TRUE,FALSE,FALSE,FALSE,FALSE,FALSE,FALSE,FALSE,FALSE,FALSE,TRUE,TRUE,FALSE,FALSE,8
"9","No","IDSE (master)","None","he/him","Stata","None","None","None","None","None",FALSE,TRUE,FALSE,FALSE,FALSE,TRUE,TRUE,TRUE,TRUE,FALSE,FALSE,FALSE,FALSE,FALSE,FALSE,FALSE,FALSE,FALSE,TRUE,FALSE,6
"10","No","IDSE (master)","Confident","he/him","RStudio","A little","None","Confident","None","A little",TRUE,TRUE,TRUE,TRUE,FALSE,TRUE,FALSE,TRUE,TRUE,FALSE,TRUE,TRUE,TRUE,FALSE,FALSE,TRUE,FALSE,FALSE,FALSE,FALSE,11
"11","No","IDSE (master)","Confident","he/him","RStudio","A little","None","Confident","A little","None",TRUE,FALSE,FALSE,TRUE,FALSE,TRUE,FALSE,TRUE,TRUE,FALSE,FALSE,FALSE,TRUE,FALSE,FALSE,FALSE,FALSE,FALSE,FALSE,FALSE,6
"12","No","IDSE (master)","Confident","he/him","RStudio","Confident","Confident","Confident","Confident","None",TRUE,FALSE,FALSE,TRUE,FALSE,TRUE,TRUE,FALSE,TRUE,FALSE,FALSE,FALSE,FALSE,FALSE,FALSE,FALSE,TRUE,FALSE,FALSE,FALSE,6
"13","No","IDSE (master)","Expert","he/him","RStudio","Confident","Expert","Confident","Confident","Confident",TRUE,TRUE,TRUE,TRUE,TRUE,TRUE,FALSE,TRUE,TRUE,FALSE,TRUE,TRUE,TRUE,FALSE,FALSE,FALSE,FALSE,TRUE,TRUE,FALSE,13
"14","Yes","Statistics (master)","Expert","he/him","RStudio","Confident","Confident","A little","None","Expert",TRUE,FALSE,TRUE,TRUE,TRUE,TRUE,FALSE,TRUE,TRUE,FALSE,TRUE,FALSE,FALSE,FALSE,FALSE,FALSE,FALSE,FALSE,FALSE,FALSE,8
"15","Yes","Statistics (master)","Confident","she/her","RStudio","None","A little","None","A little","A little",TRUE,TRUE,FALSE,TRUE,FALSE,FALSE,TRUE,TRUE,FALSE,FALSE,FALSE,FALSE,FALSE,FALSE,FALSE,FALSE,FALSE,FALSE,FALSE,FALSE,5
"16","No","QMSS","Confident","she/her","RStudio","Confident","A little","Expert","A little","A little",TRUE,TRUE,FALSE,TRUE,TRUE,TRUE,TRUE,TRUE,TRUE,FALSE,FALSE,FALSE,TRUE,TRUE,FALSE,FALSE,TRUE,FALSE,TRUE,TRUE,13
"17","No","Other masters","Confident","she/her","RStudio","Confident","A little","Confident","A little","A little",FALSE,FALSE,FALSE,TRUE,FALSE,TRUE,TRUE,FALSE,FALSE,FALSE,FALSE,FALSE,FALSE,FALSE,FALSE,FALSE,TRUE,TRUE,TRUE,FALSE,6
"18","No","IDSE (master)","Confident","she/her","RStudio","A little","A little","Confident","A little","None",TRUE,TRUE,FALSE,TRUE,FALSE,TRUE,FALSE,FALSE,FALSE,FALSE,FALSE,FALSE,FALSE,FALSE,FALSE,FALSE,FALSE,TRUE,FALSE,FALSE,5
"19","No","Statistics (master)","Confident","she/her","RStudio","A little","A little","None","None","None",TRUE,TRUE,FALSE,TRUE,FALSE,TRUE,FALSE,TRUE,TRUE,FALSE,FALSE,FALSE,FALSE,FALSE,FALSE,FALSE,FALSE,FALSE,FALSE,FALSE,6
"20","No","IDSE (master)","A little","he/him","RStudio","Confident","A little","Confident","None","None",TRUE,TRUE,TRUE,TRUE,TRUE,TRUE,TRUE,TRUE,TRUE,FALSE,FALSE,FALSE,TRUE,FALSE,FALSE,FALSE,FALSE,FALSE,FALSE,FALSE,10
"21","No","IDSE (master)","Expert","he/him","RStudio","Confident","Confident","Expert","Confident","Confident",TRUE,TRUE,TRUE,TRUE,TRUE,TRUE,FALSE,TRUE,TRUE,FALSE,TRUE,FALSE,TRUE,TRUE,FALSE,FALSE,TRUE,TRUE,TRUE,TRUE,15
"22","No","IDSE (master)","Confident","he/him","RStudio","Confident","A little","A little","A little","A little",TRUE,TRUE,FALSE,TRUE,FALSE,TRUE,FALSE,FALSE,TRUE,FALSE,FALSE,FALSE,TRUE,FALSE,FALSE,FALSE,TRUE,TRUE,TRUE,FALSE,9
"23","No","IDSE (master)","Confident","he/him","ipynb","Confident","Confident","Confident","A little","Confident",TRUE,TRUE,TRUE,TRUE,TRUE,TRUE,FALSE,TRUE,TRUE,FALSE,TRUE,TRUE,TRUE,FALSE,FALSE,FALSE,FALSE,TRUE,FALSE,FALSE,12
"24","Yes","Statistics (master)","A little","she/her","RStudio","A little","Confident","A little","A little","None",TRUE,FALSE,FALSE,TRUE,FALSE,FALSE,FALSE,FALSE,FALSE,FALSE,FALSE,FALSE,FALSE,FALSE,FALSE,FALSE,FALSE,TRUE,FALSE,FALSE,3
"25","No","IDSE (master)","Confident","she/her","RStudio","A little","A little","None","A little","None",TRUE,FALSE,FALSE,TRUE,TRUE,TRUE,FALSE,FALSE,TRUE,FALSE,FALSE,FALSE,FALSE,FALSE,FALSE,FALSE,FALSE,FALSE,TRUE,FALSE,6
"26","Yes","Statistics (master)","Confident","she/her","RStudio","A little","A little","Confident","None","None",FALSE,FALSE,FALSE,TRUE,TRUE,TRUE,FALSE,FALSE,FALSE,FALSE,FALSE,FALSE,TRUE,FALSE,FALSE,FALSE,FALSE,FALSE,FALSE,FALSE,4
"27","No","IDSE (master)","Confident","he/him","notepad++","Confident","A little","A little","A little","Confident",TRUE,FALSE,TRUE,TRUE,TRUE,TRUE,FALSE,TRUE,TRUE,TRUE,FALSE,TRUE,FALSE,FALSE,TRUE,TRUE,TRUE,FALSE,TRUE,FALSE,13
"28","No","IDSE (master)","Confident","he/him","RStudio","A little","A little","Confident","A little","A little",TRUE,FALSE,FALSE,TRUE,FALSE,TRUE,FALSE,FALSE,FALSE,FALSE,FALSE,FALSE,FALSE,FALSE,FALSE,FALSE,TRUE,FALSE,FALSE,FALSE,4
"29","Yes","Statistics (master)","Confident","he/him","RStudio","A little","A little","None","A little","None",TRUE,TRUE,FALSE,TRUE,FALSE,FALSE,TRUE,FALSE,FALSE,FALSE,FALSE,FALSE,FALSE,FALSE,FALSE,FALSE,TRUE,TRUE,TRUE,FALSE,7
"30","No","Data Science Certification","A little","he/him","Ipython","A little","None","None","None","A little",TRUE,TRUE,FALSE,TRUE,FALSE,FALSE,FALSE,TRUE,TRUE,FALSE,FALSE,FALSE,FALSE,FALSE,FALSE,FALSE,FALSE,FALSE,FALSE,FALSE,5
"31","No","QMSS","Confident","he/him","sublime text","Confident","Confident","A little","A little","Confident",TRUE,TRUE,TRUE,TRUE,TRUE,TRUE,FALSE,TRUE,TRUE,TRUE,TRUE,TRUE,TRUE,TRUE,TRUE,TRUE,TRUE,FALSE,FALSE,FALSE,16
"32","No","IDSE (master)","Confident","she/her","RStudio","Confident","Confident","A little","A little","A little",TRUE,TRUE,FALSE,TRUE,TRUE,TRUE,TRUE,TRUE,TRUE,FALSE,FALSE,FALSE,TRUE,FALSE,FALSE,FALSE,FALSE,FALSE,FALSE,FALSE,9
"33","No","Other masters","Confident","he/him","RStudio","A little","A little","Confident","None","None",TRUE,TRUE,TRUE,TRUE,FALSE,TRUE,FALSE,TRUE,TRUE,FALSE,FALSE,FALSE,FALSE,FALSE,FALSE,FALSE,FALSE,FALSE,FALSE,FALSE,7
"34","Yes","Other masters","Confident","she/her","xcode","Confident","A little","A little","Confident","Confident",TRUE,TRUE,FALSE,FALSE,FALSE,TRUE,FALSE,FALSE,FALSE,FALSE,TRUE,FALSE,FALSE,FALSE,FALSE,TRUE,FALSE,TRUE,FALSE,FALSE,6
"35","No","IDSE (master)","Confident","he/him","Sublime Text 2","Confident","A little","Expert","Confident","Confident",TRUE,TRUE,TRUE,TRUE,FALSE,TRUE,FALSE,TRUE,TRUE,FALSE,TRUE,TRUE,TRUE,FALSE,TRUE,TRUE,TRUE,TRUE,FALSE,FALSE,14
"36","No","IDSE (master)","Confident","he/him","vi/vim","Confident","A little","Expert","A little","Confident",TRUE,FALSE,TRUE,TRUE,TRUE,TRUE,FALSE,TRUE,TRUE,TRUE,TRUE,TRUE,FALSE,FALSE,FALSE,FALSE,FALSE,FALSE,FALSE,FALSE,10
"37","No","IDSE (master)","Confident","he/him","RStudio","Confident","A little","A little","Confident","A little",TRUE,TRUE,TRUE,TRUE,FALSE,TRUE,FALSE,TRUE,FALSE,FALSE,FALSE,TRUE,FALSE,FALSE,FALSE,FALSE,TRUE,TRUE,FALSE,FALSE,9
"38","No","IDSE (master)","Confident","he/him","RStudio","A little","A little","A little","None","None",TRUE,TRUE,TRUE,TRUE,FALSE,FALSE,FALSE,TRUE,TRUE,FALSE,FALSE,FALSE,FALSE,FALSE,FALSE,FALSE,TRUE,FALSE,FALSE,FALSE,7
"39","No","Data Science Certification","Confident","he/him","RStudio","A little","None","None","Confident","None",TRUE,TRUE,TRUE,TRUE,FALSE,TRUE,TRUE,TRUE,TRUE,FALSE,FALSE,TRUE,FALSE,FALSE,FALSE,FALSE,FALSE,TRUE,FALSE,FALSE,10
"40","Yes","Statistics (master)","Confident","she/her","RStudio","Confident","Confident","None","A little","A little",TRUE,TRUE,FALSE,TRUE,FALSE,FALSE,FALSE,FALSE,TRUE,FALSE,FALSE,FALSE,TRUE,FALSE,FALSE,FALSE,FALSE,FALSE,FALSE,FALSE,5
"41","No","IDSE (master)","Confident","he/him","RStudio","Confident","Confident","A little","None","Confident",TRUE,TRUE,TRUE,TRUE,TRUE,TRUE,FALSE,TRUE,TRUE,FALSE,TRUE,FALSE,FALSE,FALSE,FALSE,TRUE,FALSE,FALSE,FALSE,FALSE,10
"42","Yes","Statistics (master)","Confident","he/him","RStudio","Confident","Confident","A little","Confident","A little",TRUE,FALSE,FALSE,TRUE,FALSE,FALSE,FALSE,FALSE,FALSE,FALSE,FALSE,FALSE,FALSE,FALSE,FALSE,FALSE,TRUE,TRUE,TRUE,FALSE,5
"43","No","IDSE (master)","Confident","he/him","RStudio","A little","A little","A little","Confident","Confident",TRUE,TRUE,FALSE,TRUE,TRUE,TRUE,FALSE,FALSE,TRUE,FALSE,TRUE,TRUE,TRUE,FALSE,FALSE,FALSE,FALSE,TRUE,FALSE,FALSE,10
"44","No","IDSE (master)","Confident","he/him","RStudio","A little","A little","A little","Confident","Confident",TRUE,TRUE,FALSE,TRUE,TRUE,TRUE,FALSE,FALSE,TRUE,FALSE,TRUE,TRUE,TRUE,FALSE,FALSE,FALSE,FALSE,TRUE,FALSE,FALSE,10
"45","Yes","Statistics (master)","Expert","she/her","RStudio","Expert","Confident","A little","A little","A little",TRUE,TRUE,FALSE,TRUE,FALSE,FALSE,FALSE,FALSE,FALSE,FALSE,FALSE,FALSE,FALSE,FALSE,FALSE,FALSE,TRUE,TRUE,TRUE,FALSE,6
"46","No","IDSE (master)","A little","he/him","RStudio","A little","A little","A little","A little","A little",TRUE,FALSE,FALSE,TRUE,FALSE,TRUE,FALSE,TRUE,TRUE,FALSE,TRUE,FALSE,FALSE,FALSE,FALSE,FALSE,FALSE,FALSE,FALSE,FALSE,6
"47","No","IDSE (master)","Expert","he/him","RStudio","Confident","Confident","A little","A little","None",TRUE,TRUE,TRUE,TRUE,FALSE,TRUE,FALSE,TRUE,TRUE,FALSE,FALSE,FALSE,FALSE,FALSE,FALSE,FALSE,FALSE,TRUE,FALSE,FALSE,8
"48","Yes","Statistics (master)","Confident","she/her","RStudio","A little","A little","None","None","None",TRUE,FALSE,FALSE,TRUE,FALSE,FALSE,FALSE,FALSE,FALSE,FALSE,FALSE,FALSE,FALSE,FALSE,FALSE,FALSE,FALSE,FALSE,FALSE,FALSE,2
"49","Yes","Statistics (master)","Expert","he/him","RStudio","Confident","Expert","A little","Expert","Confident",TRUE,TRUE,TRUE,TRUE,TRUE,TRUE,FALSE,FALSE,TRUE,FALSE,TRUE,FALSE,FALSE,FALSE,TRUE,FALSE,TRUE,TRUE,FALSE,FALSE,11
"50","No","IDSE (master)","Confident","she/her","RStudio","Confident","Confident","A little","A little","None",TRUE,TRUE,TRUE,TRUE,FALSE,TRUE,TRUE,FALSE,TRUE,FALSE,FALSE,FALSE,FALSE,FALSE,FALSE,FALSE,FALSE,FALSE,FALSE,FALSE,7
"51","No","IDSE (master)","Confident","he/him","RStudio","A little","A little","Confident","A little","None",TRUE,TRUE,FALSE,TRUE,FALSE,TRUE,FALSE,TRUE,TRUE,FALSE,FALSE,FALSE,FALSE,FALSE,FALSE,FALSE,FALSE,TRUE,FALSE,FALSE,7
"52","No","IDSE (master)","A little","she/her","I used jupyter last semester","None","None","A little","None","None",FALSE,TRUE,FALSE,FALSE,FALSE,TRUE,FALSE,TRUE,TRUE,FALSE,FALSE,FALSE,FALSE,FALSE,FALSE,FALSE,FALSE,FALSE,FALSE,FALSE,4
"53","No","Data Science Certification","A little","he/him","vi/vim","A little","A little","None","A little","A little",TRUE,TRUE,TRUE,TRUE,FALSE,TRUE,FALSE,TRUE,TRUE,FALSE,TRUE,TRUE,FALSE,FALSE,TRUE,TRUE,FALSE,TRUE,FALSE,FALSE,12
"54","No","IDSE (master)","A little","he/him","vi/vim","A little","A little","A little","A little","A little",TRUE,FALSE,FALSE,FALSE,FALSE,TRUE,FALSE,FALSE,FALSE,FALSE,FALSE,FALSE,FALSE,FALSE,FALSE,FALSE,FALSE,FALSE,FALSE,FALSE,2
"55","No","Statistics (master)","A little","he/him","RStudio","A little","None","None","None","None",TRUE,FALSE,FALSE,TRUE,TRUE,FALSE,FALSE,FALSE,FALSE,FALSE,FALSE,FALSE,TRUE,FALSE,FALSE,FALSE,FALSE,FALSE,FALSE,FALSE,4
"56","No","IDSE (master)","Confident","she/her","RStudio","A little","A little","Confident","Confident","None",TRUE,FALSE,FALSE,TRUE,FALSE,FALSE,FALSE,FALSE,FALSE,FALSE,FALSE,FALSE,FALSE,TRUE,FALSE,FALSE,FALSE,TRUE,TRUE,FALSE,5
"57","Yes","Statistics (master)","A little","he/him","RStudio","A little","A little","A little","A little","A little",TRUE,FALSE,FALSE,TRUE,FALSE,FALSE,FALSE,TRUE,TRUE,FALSE,TRUE,FALSE,TRUE,FALSE,FALSE,FALSE,FALSE,FALSE,FALSE,FALSE,6
"58","No","IDSE (master)","Confident","he/him","notepad++","A little","A little","Confident","Confident","A little",TRUE,TRUE,TRUE,TRUE,FALSE,TRUE,FALSE,FALSE,FALSE,TRUE,FALSE,TRUE,FALSE,FALSE,FALSE,FALSE,FALSE,FALSE,FALSE,FALSE,7
"59","Yes","Ph.D.","Confident","he/him","RStudio","Confident","A little","None","A little","None",TRUE,FALSE,FALSE,TRUE,TRUE,FALSE,FALSE,TRUE,FALSE,FALSE,FALSE,FALSE,FALSE,FALSE,FALSE,FALSE,FALSE,TRUE,FALSE,FALSE,5
"60","No","IDSE (master)","Confident","she/her","RStudio","A little","A little","A little","None","None",TRUE,TRUE,FALSE,TRUE,FALSE,TRUE,FALSE,TRUE,TRUE,FALSE,FALSE,FALSE,FALSE,FALSE,FALSE,FALSE,FALSE,FALSE,FALSE,FALSE,6
"61","No","Data Science Certification","Confident","he/him","RStudio","A little","A little","Confident","A little","A little",TRUE,FALSE,TRUE,TRUE,FALSE,TRUE,FALSE,TRUE,TRUE,FALSE,FALSE,TRUE,FALSE,FALSE,FALSE,FALSE,TRUE,FALSE,FALSE,FALSE,8
"62","Yes","Statistics (master)","Expert","he/him","RStudio","Confident","Confident","Confident","Confident","A little",TRUE,TRUE,TRUE,TRUE,TRUE,FALSE,FALSE,TRUE,TRUE,FALSE,FALSE,FALSE,FALSE,FALSE,FALSE,TRUE,TRUE,TRUE,FALSE,FALSE,10
"63","No","IDSE (master)","Confident","he/him","vi/vim","A little","A little","None","None","Confident",TRUE,FALSE,TRUE,TRUE,TRUE,TRUE,FALSE,TRUE,TRUE,TRUE,TRUE,TRUE,FALSE,FALSE,FALSE,TRUE,TRUE,FALSE,FALSE,FALSE,12
"64","No","Data Science Certification","Expert","she/her","notepad++","Confident","A little","A little","A little","A little",TRUE,TRUE,TRUE,TRUE,TRUE,TRUE,FALSE,TRUE,TRUE,TRUE,FALSE,TRUE,FALSE,FALSE,TRUE,TRUE,TRUE,TRUE,FALSE,FALSE,14
"65","No","IDSE (master)","Confident","he/him","vi/vim","A little","A little","None","None","Confident",TRUE,FALSE,TRUE,TRUE,FALSE,TRUE,FALSE,TRUE,TRUE,TRUE,TRUE,TRUE,TRUE,FALSE,TRUE,FALSE,TRUE,FALSE,FALSE,FALSE,12
"66","No","Statistics (master)","A little","he/him","vi/vim","None","None","None","None","A little",FALSE,TRUE,FALSE,FALSE,FALSE,TRUE,FALSE,TRUE,FALSE,FALSE,FALSE,FALSE,FALSE,FALSE,FALSE,FALSE,FALSE,FALSE,FALSE,FALSE,3
"67","No","IDSE (master)","Confident","she/her","RStudio","A little","A little","None","A little","A little",TRUE,FALSE,FALSE,TRUE,FALSE,TRUE,FALSE,FALSE,TRUE,FALSE,FALSE,FALSE,TRUE,FALSE,FALSE,FALSE,FALSE,TRUE,FALSE,FALSE,6
"68","No","IDSE (master)","None","she/her","vi/vim","None","None","None","A little","A little",FALSE,TRUE,FALSE,FALSE,FALSE,FALSE,FALSE,FALSE,TRUE,FALSE,FALSE,FALSE,FALSE,FALSE,FALSE,FALSE,FALSE,FALSE,FALSE,FALSE,2
"69","No","Data Science Certification","Confident","she/her","RStudio","A little","A little","Confident","None","A little",TRUE,TRUE,TRUE,FALSE,FALSE,FALSE,FALSE,TRUE,TRUE,FALSE,FALSE,FALSE,FALSE,FALSE,FALSE,FALSE,FALSE,FALSE,FALSE,FALSE,5
"70","No","Data Science Certification","None","he/him","python","None","None","None","None","None",FALSE,TRUE,FALSE,FALSE,FALSE,TRUE,FALSE,FALSE,TRUE,FALSE,FALSE,FALSE,FALSE,FALSE,FALSE,FALSE,FALSE,FALSE,FALSE,FALSE,3
"71","No","Data Science Certification","None","he/him","vi/vim","None","None","None","None","Confident",FALSE,TRUE,TRUE,FALSE,FALSE,TRUE,FALSE,FALSE,TRUE,TRUE,TRUE,TRUE,FALSE,FALSE,FALSE,FALSE,TRUE,FALSE,FALSE,FALSE,8
"72","No","IDSE (master)","Expert","he/him","RStudio","Expert","Confident","Expert","Confident","Confident",TRUE,TRUE,TRUE,TRUE,TRUE,TRUE,TRUE,TRUE,TRUE,FALSE,TRUE,TRUE,TRUE,TRUE,FALSE,TRUE,FALSE,FALSE,TRUE,FALSE,15
"73","No","Ph.D.","A little","he/him","vi/vim","A little","None","None","None","Confident",TRUE,TRUE,TRUE,FALSE,FALSE,TRUE,FALSE,TRUE,TRUE,FALSE,TRUE,TRUE,TRUE,FALSE,FALSE,TRUE,FALSE,FALSE,FALSE,FALSE,10
"74","Yes","Other masters","Expert","he/him","RStudio","A little","A little","A little","None","A little",TRUE,TRUE,TRUE,TRUE,TRUE,FALSE,FALSE,TRUE,TRUE,TRUE,TRUE,TRUE,TRUE,TRUE,FALSE,FALSE,FALSE,FALSE,FALSE,FALSE,12
"75","No","Applied Math","None","he/him","Sublime Text!","None","None","A little","None","Confident",FALSE,FALSE,FALSE,FALSE,FALSE,TRUE,FALSE,FALSE,FALSE,FALSE,TRUE,TRUE,TRUE,FALSE,FALSE,FALSE,TRUE,FALSE,FALSE,FALSE,5
"76","No","IDSE (master)","A little","he/him","RStudio","A little","A little","Confident","None","None",TRUE,TRUE,TRUE,TRUE,FALSE,TRUE,FALSE,TRUE,TRUE,FALSE,FALSE,TRUE,TRUE,FALSE,FALSE,FALSE,FALSE,FALSE,FALSE,FALSE,9
"77","No","Data Science Certification","Confident","he/him","Sublime","None","A little","None","A little","A little",FALSE,TRUE,FALSE,FALSE,FALSE,TRUE,FALSE,TRUE,TRUE,FALSE,FALSE,FALSE,FALSE,FALSE,FALSE,FALSE,FALSE,FALSE,FALSE,FALSE,4
"78","No","IDSE (master)","Confident","she/her","Sublime","None","A little","Confident","None","Confident",TRUE,TRUE,TRUE,TRUE,FALSE,TRUE,FALSE,TRUE,TRUE,FALSE,TRUE,TRUE,TRUE,FALSE,FALSE,TRUE,FALSE,FALSE,FALSE,FALSE,11
"79","No","IDSE (master)","A little","he/him","RStudio","A little","A little","None","A little","None",TRUE,TRUE,FALSE,TRUE,FALSE,TRUE,FALSE,FALSE,FALSE,FALSE,FALSE,FALSE,FALSE,FALSE,FALSE,FALSE,TRUE,TRUE,FALSE,FALSE,6
"80","Yes","Other masters","A little","he/him","Text Wrangler","A little","A little","A little","A little","A little",FALSE,TRUE,FALSE,FALSE,FALSE,TRUE,FALSE,FALSE,FALSE,FALSE,FALSE,FALSE,FALSE,FALSE,FALSE,FALSE,TRUE,TRUE,FALSE,FALSE,4
"81","Yes","Statistics (master)","A little","she/her","RStudio","None","None","None","None","A little",TRUE,FALSE,FALSE,FALSE,FALSE,FALSE,FALSE,FALSE,FALSE,FALSE,TRUE,FALSE,FALSE,FALSE,FALSE,FALSE,FALSE,FALSE,FALSE,FALSE,2
"82","No","Other masters","Confident","she/her","RStudio","A little","A little","None","None","None",TRUE,TRUE,FALSE,TRUE,FALSE,FALSE,FALSE,TRUE,TRUE,FALSE,FALSE,FALSE,FALSE,FALSE,FALSE,FALSE,FALSE,FALSE,FALSE,FALSE,5
"83","No","IDSE (master)","A little","he/him","Atom/Sublime text","A little","A little","A little","A little","A little",FALSE,TRUE,TRUE,TRUE,FALSE,TRUE,FALSE,TRUE,TRUE,FALSE,TRUE,TRUE,FALSE,FALSE,FALSE,TRUE,FALSE,FALSE,FALSE,FALSE,9
"84","No","IDSE (master)","A little","he/him","RStudio","A little","A little","A little","A little","None",FALSE,TRUE,FALSE,TRUE,FALSE,TRUE,FALSE,TRUE,TRUE,FALSE,FALSE,FALSE,FALSE,FALSE,FALSE,FALSE,FALSE,FALSE,FALSE,FALSE,5
"85","No","IDSE (master)","None","he/him","Any (20 years C++/Java experience)","None","None","None","Confident","A little",FALSE,TRUE,TRUE,FALSE,FALSE,TRUE,FALSE,TRUE,TRUE,TRUE,TRUE,TRUE,FALSE,FALSE,TRUE,TRUE,TRUE,TRUE,FALSE,FALSE,12
"86","No","IDSE (master)","Confident","she/her","Sublime Text 2","None","None","Confident","Confident","Confident",TRUE,TRUE,TRUE,TRUE,FALSE,TRUE,FALSE,TRUE,TRUE,TRUE,TRUE,TRUE,FALSE,FALSE,TRUE,TRUE,TRUE,FALSE,FALSE,FALSE,13
"87","No","IDSE (master)","A little","he/him","RStudio","None","None","None","A little","None",TRUE,FALSE,FALSE,FALSE,FALSE,FALSE,FALSE,FALSE,FALSE,FALSE,FALSE,FALSE,FALSE,FALSE,FALSE,FALSE,FALSE,TRUE,FALSE,FALSE,2
"88","No","Data Science Certification","None","she/her","notepad++","None","None","None","None","A little",FALSE,TRUE,TRUE,FALSE,FALSE,FALSE,FALSE,TRUE,TRUE,FALSE,TRUE,FALSE,FALSE,FALSE,FALSE,FALSE,FALSE,FALSE,FALSE,FALSE,5
"89","No","Data Science Certification","None","he/him","Sublime","None","None","None","None","A little",FALSE,TRUE,FALSE,FALSE,FALSE,TRUE,FALSE,FALSE,TRUE,FALSE,FALSE,TRUE,FALSE,FALSE,FALSE,FALSE,FALSE,FALSE,FALSE,FALSE,4
"90","No","Data Science Certification","Confident","she/her","RStudio","A little","A little","Confident","None","A little",TRUE,TRUE,FALSE,TRUE,FALSE,FALSE,FALSE,TRUE,TRUE,FALSE,FALSE,FALSE,FALSE,FALSE,FALSE,FALSE,FALSE,FALSE,FALSE,FALSE,5
"91","No","IDSE (master)","Confident","she/her","RStudio","A little","None","A little","None","A little",TRUE,TRUE,FALSE,TRUE,FALSE,TRUE,FALSE,TRUE,FALSE,FALSE,FALSE,FALSE,FALSE,FALSE,FALSE,FALSE,FALSE,TRUE,FALSE,FALSE,6
"92","No","Data Science Certification","A little","he/him","Sublime Text","None","None","None","None","Confident",FALSE,TRUE,TRUE,TRUE,FALSE,TRUE,FALSE,TRUE,TRUE,FALSE,TRUE,FALSE,FALSE,FALSE,FALSE,FALSE,FALSE,FALSE,FALSE,FALSE,7
"93","No","IDSE (master)","A little","he/him","Sublime Text / Eclipse","A little","A little","A little","None","Expert",TRUE,TRUE,TRUE,TRUE,FALSE,FALSE,FALSE,TRUE,TRUE,TRUE,TRUE,TRUE,TRUE,TRUE,TRUE,TRUE,TRUE,FALSE,FALSE,FALSE,14
"94","No","Data Science Certification","A little","he/him","python","A little","None","None","A little","A little",TRUE,TRUE,FALSE,TRUE,FALSE,TRUE,FALSE,FALSE,TRUE,FALSE,TRUE,FALSE,FALSE,FALSE,FALSE,FALSE,FALSE,FALSE,FALSE,FALSE,6
"95","No","Data Science Certification","A little","he/him","vi/vim","None","None","None","A little","A little",FALSE,FALSE,TRUE,FALSE,FALSE,TRUE,FALSE,FALSE,FALSE,FALSE,FALSE,TRUE,FALSE,FALSE,FALSE,FALSE,TRUE,FALSE,FALSE,FALSE,4
"96","No","Data Science Certification","A little","he/him","notepad++","None","None","None","None","None",TRUE,TRUE,TRUE,FALSE,FALSE,TRUE,TRUE,FALSE,TRUE,FALSE,FALSE,FALSE,TRUE,FALSE,FALSE,TRUE,FALSE,FALSE,FALSE,FALSE,8
"97","No","PhD Biomedical Informatics","Confident","she/her","TextMate","A little","A little","None","None","A little",TRUE,TRUE,FALSE,TRUE,FALSE,TRUE,TRUE,TRUE,TRUE,TRUE,FALSE,TRUE,FALSE,FALSE,FALSE,FALSE,FALSE,FALSE,FALSE,FALSE,9
"98","No","Data Science Certification","Confident","","RStudio","A little","A little","None","None","A little",TRUE,TRUE,FALSE,TRUE,TRUE,TRUE,FALSE,TRUE,FALSE,FALSE,FALSE,FALSE,FALSE,FALSE,FALSE,FALSE,FALSE,FALSE,FALSE,FALSE,6
"99","No","Data Science Certification","A little","he/him","sublime","A little","A little","A little","Confident","Confident",TRUE,TRUE,TRUE,TRUE,FALSE,TRUE,TRUE,TRUE,TRUE,FALSE,TRUE,TRUE,FALSE,FALSE,TRUE,FALSE,FALSE,TRUE,FALSE,FALSE,12
"100","No","Data Science Certification","A little","he/him","Webstorm, pycharm","None","None","None","None","Expert",FALSE,FALSE,FALSE,FALSE,FALSE,TRUE,FALSE,FALSE,FALSE,TRUE,FALSE,TRUE,FALSE,FALSE,FALSE,TRUE,FALSE,FALSE,FALSE,FALSE,4
"101","No","Other masters","Confident","he/him","Sublime","Confident","Confident","Confident","Confident","Confident",TRUE,TRUE,TRUE,TRUE,TRUE,TRUE,FALSE,TRUE,TRUE,TRUE,TRUE,TRUE,FALSE,FALSE,FALSE,TRUE,TRUE,TRUE,FALSE,FALSE,14
"102","No","IDSE (master)","A little","he/him","notepad++","None","None","None","None","A little",TRUE,TRUE,TRUE,FALSE,FALSE,FALSE,FALSE,TRUE,TRUE,FALSE,FALSE,FALSE,FALSE,FALSE,FALSE,FALSE,TRUE,FALSE,FALSE,FALSE,6
"103","No","Other masters","Confident","he/him","notepad++","Confident","Confident","Confident","Confident","A little",TRUE,TRUE,TRUE,TRUE,FALSE,TRUE,TRUE,TRUE,FALSE,FALSE,FALSE,FALSE,FALSE,FALSE,FALSE,FALSE,FALSE,TRUE,TRUE,FALSE,9
"104","No","IDSE (master)","Confident","he/him","Atom","A little","Confident","None","A little","Confident",TRUE,FALSE,TRUE,FALSE,TRUE,TRUE,FALSE,TRUE,TRUE,FALSE,TRUE,TRUE,TRUE,FALSE,FALSE,FALSE,TRUE,TRUE,FALSE,FALSE,11
"105","No","IDSE (master)","Confident","he/him","RStudio","A little","Confident","None","Confident","A little",TRUE,TRUE,TRUE,TRUE,FALSE,TRUE,FALSE,FALSE,FALSE,FALSE,TRUE,FALSE,FALSE,FALSE,FALSE,FALSE,FALSE,FALSE,FALSE,FALSE,6
"106","No","IDSE (master)","A little","he/him","textwrangler","A little","None","None","None","None",TRUE,FALSE,TRUE,TRUE,FALSE,TRUE,FALSE,FALSE,FALSE,FALSE,FALSE,TRUE,FALSE,FALSE,FALSE,FALSE,FALSE,FALSE,FALSE,FALSE,5
"107","No","Other masters","Confident","he/him","Sublime 2","Confident","A little","Confident","None","A little",TRUE,TRUE,TRUE,TRUE,TRUE,TRUE,FALSE,FALSE,FALSE,FALSE,TRUE,TRUE,TRUE,TRUE,FALSE,FALSE,FALSE,FALSE,FALSE,TRUE,11
"108","No","Data Science Certification","A little","he/him","RStudio","Confident","A little","Confident","A little","Confident",TRUE,TRUE,FALSE,TRUE,FALSE,FALSE,FALSE,TRUE,TRUE,TRUE,TRUE,FALSE,FALSE,FALSE,FALSE,FALSE,FALSE,FALSE,FALSE,FALSE,7
"109","No","IDSE (master)","Confident","he/him","RStudio","Confident","Confident","Confident","Confident","Confident",TRUE,TRUE,TRUE,TRUE,TRUE,TRUE,TRUE,FALSE,TRUE,FALSE,TRUE,TRUE,TRUE,FALSE,TRUE,TRUE,TRUE,TRUE,FALSE,FALSE,15
"110","No","IDSE (master)","A little","he/him","textWrangler","A little","None","None","None","None",TRUE,FALSE,TRUE,TRUE,FALSE,TRUE,FALSE,FALSE,FALSE,FALSE,FALSE,FALSE,FALSE,FALSE,FALSE,FALSE,FALSE,FALSE,FALSE,FALSE,4
"111","No","Other masters","A little","she/her","RStudio","A little","None","A little","None","A little",TRUE,FALSE,FALSE,TRUE,FALSE,FALSE,FALSE,FALSE,FALSE,FALSE,TRUE,FALSE,FALSE,FALSE,FALSE,FALSE,FALSE,FALSE,FALSE,FALSE,3
"112","No","Data Science Certification","None","she/her","Eclipse ","None","None","None","A little","A little",FALSE,TRUE,TRUE,FALSE,FALSE,FALSE,FALSE,FALSE,FALSE,FALSE,TRUE,TRUE,FALSE,FALSE,TRUE,TRUE,FALSE,FALSE,FALSE,FALSE,6
"113","No","IDSE (master)","A little","he/him","sublime","A little","None","A little","None","A little",FALSE,FALSE,FALSE,FALSE,FALSE,TRUE,FALSE,FALSE,FALSE,FALSE,FALSE,FALSE,FALSE,FALSE,FALSE,FALSE,FALSE,FALSE,FALSE,FALSE,1
"114","No","IDSE (master)","Confident","he/him","vi/vim","A little","A little","A little","Confident","A little",FALSE,FALSE,TRUE,FALSE,FALSE,TRUE,FALSE,FALSE,FALSE,FALSE,FALSE,TRUE,TRUE,FALSE,FALSE,TRUE,FALSE,TRUE,FALSE,FALSE,6
